-- phpMyAdmin SQL Dump
-- version 5.0.2
-- https://www.phpmyadmin.net/
--
-- Host: 127.0.0.1
-- Waktu pembuatan: 05 Feb 2022 pada 14.59
-- Versi server: 10.4.11-MariaDB
-- Versi PHP: 7.4.5

SET SQL_MODE = "NO_AUTO_VALUE_ON_ZERO";
START TRANSACTION;
SET time_zone = "+00:00";


/*!40101 SET @OLD_CHARACTER_SET_CLIENT=@@CHARACTER_SET_CLIENT */;
/*!40101 SET @OLD_CHARACTER_SET_RESULTS=@@CHARACTER_SET_RESULTS */;
/*!40101 SET @OLD_COLLATION_CONNECTION=@@COLLATION_CONNECTION */;
/*!40101 SET NAMES utf8mb4 */;

--
-- Database: `sancu_order_app`
--

-- --------------------------------------------------------

--
-- Struktur dari tabel `alamats`
--

CREATE TABLE `alamats` (
  `id` bigint(20) UNSIGNED NOT NULL,
  `id_user` int(11) NOT NULL,
  `nama_lengkap` varchar(255) COLLATE utf8mb4_unicode_ci NOT NULL,
  `telepon` varchar(255) COLLATE utf8mb4_unicode_ci NOT NULL,
  `propinsi` varchar(255) COLLATE utf8mb4_unicode_ci NOT NULL,
  `id_propinsi` int(11) NOT NULL,
  `kota_kabupaten` varchar(255) COLLATE utf8mb4_unicode_ci NOT NULL,
  `id_kota_kabupaten` int(11) NOT NULL,
  `kecamatan` varchar(255) COLLATE utf8mb4_unicode_ci NOT NULL,
  `id_kecamatan` int(11) NOT NULL,
  `alamat_lengkap` varchar(255) COLLATE utf8mb4_unicode_ci NOT NULL,
  `detail` varchar(255) COLLATE utf8mb4_unicode_ci NOT NULL,
  `kode_pos` int(11) NOT NULL,
  `utama` tinyint(1) NOT NULL,
  `created_at` timestamp NULL DEFAULT NULL,
  `updated_at` timestamp NULL DEFAULT NULL
) ENGINE=InnoDB DEFAULT CHARSET=utf8mb4 COLLATE=utf8mb4_unicode_ci;

--
-- Dumping data untuk tabel `alamats`
--

INSERT INTO `alamats` (`id`, `id_user`, `nama_lengkap`, `telepon`, `propinsi`, `id_propinsi`, `kota_kabupaten`, `id_kota_kabupaten`, `kecamatan`, `id_kecamatan`, `alamat_lengkap`, `detail`, `kode_pos`, `utama`, `created_at`, `updated_at`) VALUES
(3, 1, 'Mal', '085611223344', 'SUMATERA UTARA', 12, 'KABUPATEN TAPANULI SELATAN', 1203, 'ANGKOLA TIMUR', 1203070, 'Jalan kelapa dua wetan III ciracas', 'Pagar coklat', 13730, 1, NULL, NULL),
(4, 1, 'Agus', '081122334455', 'RIAU', 14, 'KABUPATEN KUANTAN SINGINGI', 1401, 'SENTAJO RAYA', 1401031, 'Jalan jambi', 'pagar tinggi besar', 13730, 0, NULL, NULL),
(5, 1, 'Joko', '0811223344556', 'SUMATERA BARAT', 13, 'KABUPATEN SOLOK', 1303, 'HILIRAN GUMANTI', 1303051, 'Pulau bali', 'dekat pantai', 13470, 0, NULL, NULL);

-- --------------------------------------------------------

--
-- Struktur dari tabel `carts`
--

CREATE TABLE `carts` (
  `id` bigint(20) UNSIGNED NOT NULL,
  `created_at` timestamp NULL DEFAULT current_timestamp(),
  `updated_at` timestamp NULL DEFAULT current_timestamp(),
  `id_produk` int(11) NOT NULL,
  `id_produk_detail` int(11) NOT NULL,
  `id_user` int(11) NOT NULL,
  `jumlah_produk` int(11) NOT NULL
) ENGINE=InnoDB DEFAULT CHARSET=utf8mb4 COLLATE=utf8mb4_unicode_ci;

-- --------------------------------------------------------

--
-- Struktur dari tabel `categories`
--

CREATE TABLE `categories` (
  `id` bigint(20) UNSIGNED NOT NULL,
  `nama_category` varchar(255) COLLATE utf8mb4_unicode_ci NOT NULL,
  `created_at` timestamp NULL DEFAULT NULL,
  `updated_at` timestamp NULL DEFAULT NULL
) ENGINE=InnoDB DEFAULT CHARSET=utf8mb4 COLLATE=utf8mb4_unicode_ci;

--
-- Dumping data untuk tabel `categories`
--

INSERT INTO `categories` (`id`, `nama_category`, `created_at`, `updated_at`) VALUES
(1, 'sancu', '2022-01-28 02:14:28', '2022-01-28 02:14:28'),
(2, 'boncu', '2022-01-28 02:14:28', '2022-01-28 02:14:28'),
(3, 'pretty', '2022-01-28 02:14:28', '2022-01-28 02:14:28'),
(4, 'xtreme', '2022-01-28 02:14:28', '2022-01-28 02:14:28');

-- --------------------------------------------------------

--
-- Struktur dari tabel `coupons`
--

CREATE TABLE `coupons` (
  `id` bigint(20) UNSIGNED NOT NULL,
  `name` varchar(255) COLLATE utf8mb4_unicode_ci NOT NULL,
  `keterangan` varchar(255) COLLATE utf8mb4_unicode_ci NOT NULL,
  `potongan` int(11) NOT NULL,
  `masa_aktif` timestamp NOT NULL DEFAULT current_timestamp() ON UPDATE current_timestamp(),
  `created_at` timestamp NULL DEFAULT NULL,
  `updated_at` timestamp NULL DEFAULT NULL
) ENGINE=InnoDB DEFAULT CHARSET=utf8mb4 COLLATE=utf8mb4_unicode_ci;

--
-- Dumping data untuk tabel `coupons`
--

INSERT INTO `coupons` (`id`, `name`, `keterangan`, `potongan`, `masa_aktif`, `created_at`, `updated_at`) VALUES
(1, 'SANCU2021', 'diskon ulang tahun sancu', 500, '2021-11-25 03:36:34', NULL, NULL),
(3, 'SANCU20221', 'potongan 1000 per pasang', 1000, '2022-02-10 02:54:25', NULL, NULL);

-- --------------------------------------------------------

--
-- Struktur dari tabel `failed_jobs`
--

CREATE TABLE `failed_jobs` (
  `id` bigint(20) UNSIGNED NOT NULL,
  `uuid` varchar(255) COLLATE utf8mb4_unicode_ci NOT NULL,
  `connection` text COLLATE utf8mb4_unicode_ci NOT NULL,
  `queue` text COLLATE utf8mb4_unicode_ci NOT NULL,
  `payload` longtext COLLATE utf8mb4_unicode_ci NOT NULL,
  `exception` longtext COLLATE utf8mb4_unicode_ci NOT NULL,
  `failed_at` timestamp NOT NULL DEFAULT current_timestamp()
) ENGINE=InnoDB DEFAULT CHARSET=utf8mb4 COLLATE=utf8mb4_unicode_ci;

-- --------------------------------------------------------

--
-- Struktur dari tabel `migrations`
--

CREATE TABLE `migrations` (
  `id` int(10) UNSIGNED NOT NULL,
  `migration` varchar(255) COLLATE utf8mb4_unicode_ci NOT NULL,
  `batch` int(11) NOT NULL
) ENGINE=InnoDB DEFAULT CHARSET=utf8mb4 COLLATE=utf8mb4_unicode_ci;

--
-- Dumping data untuk tabel `migrations`
--

INSERT INTO `migrations` (`id`, `migration`, `batch`) VALUES
(1, '2014_10_12_000000_create_users_table', 1),
(2, '2014_10_12_100000_create_password_resets_table', 1),
(3, '2019_08_19_000000_create_failed_jobs_table', 1),
(4, '2019_12_14_000001_create_personal_access_tokens_table', 1),
(5, '2021_09_08_024504_create_produks_table', 1),
(6, '2021_09_14_084054_create_stoks_table', 2),
(7, '2021_09_14_085034_create_categories_table', 3),
(8, '2021_10_21_043819_create_produk_details_table', 4),
(9, '2021_10_22_072712_create_carts_table', 5),
(11, '2021_11_24_025900_create_coupons_table', 6),
(12, '2021_11_25_033556_create_slide_banners_table', 7),
(13, '2021_11_29_023043_create_alamats_table', 8),
(14, '2021_11_30_042433_create_orders_table', 9),
(15, '2021_12_01_024407_create_order_details_table', 10);

-- --------------------------------------------------------

--
-- Struktur dari tabel `orders`
--

CREATE TABLE `orders` (
  `id` bigint(20) UNSIGNED NOT NULL,
  `id_user` int(11) NOT NULL,
  `id_alamat` text COLLATE utf8mb4_unicode_ci NOT NULL,
  `coupon` varchar(255) COLLATE utf8mb4_unicode_ci DEFAULT NULL,
  `status` varchar(255) COLLATE utf8mb4_unicode_ci NOT NULL,
  `ongkir` int(11) NOT NULL DEFAULT 0,
  `bukti_bayar` varchar(255) COLLATE utf8mb4_unicode_ci DEFAULT NULL,
  `created_at` timestamp NULL DEFAULT NULL,
  `updated_at` timestamp NULL DEFAULT NULL
) ENGINE=InnoDB DEFAULT CHARSET=utf8mb4 COLLATE=utf8mb4_unicode_ci;

--
-- Dumping data untuk tabel `orders`
--

INSERT INTO `orders` (`id`, `id_user`, `id_alamat`, `coupon`, `status`, `ongkir`, `bukti_bayar`, `created_at`, `updated_at`) VALUES
(29, 1, '3', NULL, '1', 0, NULL, '2022-01-28 01:06:51', '2022-01-28 01:06:51'),
(30, 1, '3', NULL, '1', 0, NULL, '2022-02-01 19:44:20', '2022-02-01 19:44:20'),
(31, 1, '3', 'SANCU20221', '3', 70000, 'bukti_bayar/bCBA33VL02CcLOygo72MyIY2DOFB40rbYXIbZJIO.png', '2022-02-01 19:57:19', '2022-02-05 06:16:16');

-- --------------------------------------------------------

--
-- Struktur dari tabel `order_details`
--

CREATE TABLE `order_details` (
  `id` bigint(20) UNSIGNED NOT NULL,
  `id_order` int(11) NOT NULL,
  `id_produk_detail` int(11) NOT NULL,
  `jumlah_produk` int(11) NOT NULL,
  `harga_produk` int(11) NOT NULL,
  `id_user` int(11) NOT NULL,
  `created_at` timestamp NULL DEFAULT NULL,
  `updated_at` timestamp NULL DEFAULT NULL
) ENGINE=InnoDB DEFAULT CHARSET=utf8mb4 COLLATE=utf8mb4_unicode_ci;

--
-- Dumping data untuk tabel `order_details`
--

INSERT INTO `order_details` (`id`, `id_order`, `id_produk_detail`, `jumlah_produk`, `harga_produk`, `id_user`, `created_at`, `updated_at`) VALUES
(60, 29, 128, 7, 20000, 1, '2022-01-28 01:06:51', '2022-01-28 01:06:51'),
(61, 29, 127, 6, 18500, 1, '2022-01-28 01:06:51', '2022-01-28 01:06:51'),
(62, 29, 174, 5, 17000, 1, '2022-01-28 01:06:51', '2022-01-28 01:06:51'),
(63, 29, 173, 4, 17000, 1, '2022-01-28 01:06:51', '2022-01-28 01:06:51'),
(64, 29, 172, 4, 16000, 1, '2022-01-28 01:06:51', '2022-01-28 01:06:51'),
(65, 29, 204, 12, 17000, 1, '2022-01-28 01:06:51', '2022-01-28 01:06:51'),
(66, 29, 203, 10, 17000, 1, '2022-01-28 01:06:51', '2022-01-28 01:06:51'),
(67, 29, 202, 5, 16000, 1, '2022-01-28 01:06:51', '2022-01-28 01:06:51'),
(68, 29, 357, 11, 18500, 1, '2022-01-28 01:06:51', '2022-01-28 01:06:51'),
(69, 29, 356, 7, 18500, 1, '2022-01-28 01:06:51', '2022-01-28 01:06:51'),
(70, 29, 355, 3, 17000, 1, '2022-01-28 01:06:51', '2022-01-28 01:06:51'),
(71, 30, 34, 6, 17000, 1, '2022-02-01 19:44:20', '2022-02-01 19:44:20'),
(72, 30, 45, 3, 17000, 1, '2022-02-01 19:44:20', '2022-02-01 19:44:20'),
(73, 30, 42, 3, 16000, 1, '2022-02-01 19:44:20', '2022-02-01 19:44:20'),
(74, 30, 177, 3, 18500, 1, '2022-02-01 19:44:20', '2022-02-01 19:44:20'),
(75, 30, 173, 9, 17000, 1, '2022-02-01 19:44:20', '2022-02-01 19:44:20'),
(76, 31, 34, 6, 17000, 1, '2022-02-01 19:57:19', '2022-02-01 19:57:19'),
(77, 31, 45, 3, 17000, 1, '2022-02-01 19:57:19', '2022-02-01 19:57:19'),
(78, 31, 42, 3, 16000, 1, '2022-02-01 19:57:19', '2022-02-01 19:57:19'),
(79, 31, 177, 3, 18500, 1, '2022-02-01 19:57:19', '2022-02-01 19:57:19'),
(80, 31, 173, 9, 17000, 1, '2022-02-01 19:57:19', '2022-02-01 19:57:19');

-- --------------------------------------------------------

--
-- Struktur dari tabel `password_resets`
--

CREATE TABLE `password_resets` (
  `email` varchar(255) COLLATE utf8mb4_unicode_ci NOT NULL,
  `token` varchar(255) COLLATE utf8mb4_unicode_ci NOT NULL,
  `created_at` timestamp NULL DEFAULT NULL
) ENGINE=InnoDB DEFAULT CHARSET=utf8mb4 COLLATE=utf8mb4_unicode_ci;

-- --------------------------------------------------------

--
-- Struktur dari tabel `personal_access_tokens`
--

CREATE TABLE `personal_access_tokens` (
  `id` bigint(20) UNSIGNED NOT NULL,
  `tokenable_type` varchar(255) COLLATE utf8mb4_unicode_ci NOT NULL,
  `tokenable_id` bigint(20) UNSIGNED NOT NULL,
  `name` varchar(255) COLLATE utf8mb4_unicode_ci NOT NULL,
  `token` varchar(64) COLLATE utf8mb4_unicode_ci NOT NULL,
  `abilities` text COLLATE utf8mb4_unicode_ci DEFAULT NULL,
  `last_used_at` timestamp NULL DEFAULT NULL,
  `created_at` timestamp NULL DEFAULT NULL,
  `updated_at` timestamp NULL DEFAULT NULL
) ENGINE=InnoDB DEFAULT CHARSET=utf8mb4 COLLATE=utf8mb4_unicode_ci;

-- --------------------------------------------------------

--
-- Struktur dari tabel `produks`
--

CREATE TABLE `produks` (
  `id` bigint(20) UNSIGNED NOT NULL,
  `nama_produk` varchar(255) COLLATE utf8mb4_unicode_ci NOT NULL,
  `gambar_url_produk` text COLLATE utf8mb4_unicode_ci NOT NULL,
  `tag` varchar(255) COLLATE utf8mb4_unicode_ci DEFAULT NULL,
  `id_category` int(11) NOT NULL,
  `desktripsi_produk` text COLLATE utf8mb4_unicode_ci NOT NULL,
  `created_at` timestamp NULL DEFAULT NULL,
  `updated_at` timestamp NULL DEFAULT NULL
) ENGINE=InnoDB DEFAULT CHARSET=utf8mb4 COLLATE=utf8mb4_unicode_ci;

--
-- Dumping data untuk tabel `produks`
--

INSERT INTO `produks` (`id`, `nama_produk`, `gambar_url_produk`, `tag`, `id_category`, `desktripsi_produk`, `created_at`, `updated_at`) VALUES
(1, 'Sancu Dolphin', '/assets/image/thumbnail/dolphin-thumb.jpeg', NULL, 1, '', '2022-01-28 03:08:05', '2022-01-28 03:08:05'),
(11, 'Sancu Samurai', '/assets/image/thumbnail/samurai-thumb.jpeg', NULL, 1, '', '2022-01-28 06:24:02', '2022-01-28 06:24:02'),
(21, 'Sancu Kodok hijau', '/assets/image/thumbnail/kodok-hijau-thumb.jpeg', NULL, 1, '', '2022-01-28 06:24:02', '2022-01-28 06:24:02'),
(31, 'Sancu Finger Boy Kuning', '/assets/image/thumbnail/finger-boy-kuning-thumb.jpeg', NULL, 1, '', '2022-01-28 06:25:05', '2022-01-28 06:25:05'),
(41, 'Sancu Sheep', '/assets/image/thumbnail/sheep-thumb.jpeg', NULL, 1, '', '2022-01-28 06:25:05', '2022-01-28 06:25:05'),
(51, 'Sancu Cars Biru', '/assets/image/thumbnail/cars-biru-thumb.jpeg', NULL, 1, '', '2022-01-28 06:26:04', '2022-01-28 06:26:04'),
(61, 'Sancu Toycop', '/assets/image/thumbnail/toycop-thumb.jpeg', NULL, 1, '', '2022-01-28 06:26:04', '2022-01-28 06:26:04'),
(71, 'Sancu Pika-Pika', '/assets/image/thumbnail/pika-pika-thumb.jpeg', NULL, 1, '', '2022-01-28 06:27:01', '2022-01-28 06:27:01'),
(81, 'Sancu Hudson Jessica', '/assets/image/thumbnail/hudson-thumb.jpeg', NULL, 1, '', '2022-01-28 06:27:01', '2022-01-28 06:27:01'),
(101, 'Sancu Among Astro', '/assets/image/thumbnail/among-astro-thumb.jpeg', 'New Model', 1, '', '2022-01-28 06:28:22', '2022-01-28 06:28:22'),
(111, 'Sancu Robot Merah', '/assets/image/thumbnail/robot-merah-thumb.jpeg', NULL, 1, '', '2022-01-28 06:28:22', '2022-01-28 06:28:22'),
(121, 'Sancu George Monkey', '/assets/image/thumbnail/george-monkey-thumb.jpeg', NULL, 1, '', '2022-01-28 06:29:36', '2022-01-28 06:29:36'),
(131, 'Sancu Doraemon', '/assets/image/thumbnail/doraemon-thumb.jpeg', 'Best Seller', 1, '', '2022-01-28 06:29:36', '2022-01-28 06:29:36'),
(141, 'Sancu Cars Merah', '/assets/image/thumbnail/cars-biru-thumb.jpeg', NULL, 1, '', '2022-01-28 06:30:36', '2022-01-28 06:30:36'),
(151, 'Sancu Cheese Kid', '/assets/image/thumbnail/cheese-kid-thumb.jpeg', NULL, 1, '', '2022-01-28 06:30:36', '2022-01-28 06:30:36'),
(161, 'Sancu Boboy Boy', '/assets/image/thumbnail/boboy-boy-thumb.jpeg', 'Best Seller', 1, '', '2022-01-28 06:31:40', '2022-01-28 06:31:40'),
(171, 'Sancu Baby Girl Pink', '/assets/image/thumbnail/baby-girl-pink-thumb.jpeg', 'Best Seller', 1, '', '2022-01-28 06:31:40', '2022-01-28 06:31:40'),
(181, 'Sancu Kitty Ungu', '/assets/image/thumbnail/kitty-ungu-thumb.jpeg', NULL, 1, '', '2022-01-28 06:32:37', '2022-01-28 06:32:37'),
(191, 'Sancu Kitty Merah', '/assets/image/thumbnail/kitty-merah-thumb.jpeg', NULL, 1, '', '2022-01-28 06:32:37', '2022-01-28 06:32:37'),
(201, 'Sancu Spidi', '/assets/image/thumbnail/spidi-thumb.jpeg', 'Best Seller', 1, '', '2022-01-28 06:33:44', '2022-01-28 06:33:44'),
(211, 'Sancu Ninja Boy', '/assets/image/thumbnail/ninja-boy-thumb.jpeg', NULL, 1, '', '2022-01-28 06:33:44', '2022-01-28 06:33:44'),
(221, 'Sancu Baby Girl Ungu', '/assets/image/thumbnail/baby-girl-ungu-thumb.jpeg', 'Best Seller', 1, '', '2022-01-28 06:34:41', '2022-01-28 06:34:41'),
(231, 'Sancu Baby Bear', '/assets/image/thumbnail/baby-bear-thumb.jpeg', NULL, 1, '', '2022-01-28 06:34:41', '2022-01-28 06:34:41'),
(241, 'Sancu Little Girl Marsha', '/assets/image/thumbnail/little-girl-thumb.jpeg', NULL, 1, '', '2022-01-28 06:35:38', '2022-01-28 06:35:38'),
(251, 'Sancu Princess', '/assets/image/thumbnail/princess-thumb.jpeg', 'Best Seller', 1, '', '2022-01-28 06:35:38', '2022-01-28 06:35:38'),
(261, 'Sancu Bang Jarwo', '/assets/image/thumbnail/bang-jarwo-thumb.jpeg', NULL, 1, '', '2022-01-28 06:36:33', '2022-01-28 06:36:33'),
(271, 'Sancu Gatot Kaca', '/assets/image/thumbnail/gatot-kaca-thumb.jpeg', NULL, 1, '', '2022-01-28 06:36:33', '2022-01-28 06:36:33'),
(281, 'Sancu Thomas Train', '/assets/image/thumbnail/thomas-train-thumb.jpeg', NULL, 1, '', '2022-01-28 06:37:37', '2022-01-28 06:37:37'),
(291, 'Sancu Dino', '/assets/image/thumbnail/dino-thumb.jpeg', 'New Product', 1, '', '2022-01-28 06:37:37', '2022-01-28 06:37:37'),
(301, 'Sancu Superman', '/assets/image/thumbnail/superman-thumb.jpeg', NULL, 1, '', '2022-01-28 06:38:35', '2022-01-28 06:38:35'),
(311, 'Sancu Batman', '/assets/image/thumbnail/batman-thumb.jpeg', NULL, 1, '', '2022-01-28 06:38:35', '2022-01-28 06:38:35'),
(321, 'Sancu Little Pony Ungu', '/assets/image/thumbnail/little-pony-ungu-thumb.jpeg', NULL, 1, '', '2022-01-28 06:39:35', '2022-01-28 06:39:35'),
(331, 'Sancu Sofia', '/assets/image/thumbnail/sofia-thumb.jpeg', NULL, 1, '', '2022-01-28 06:39:35', '2022-01-28 06:39:35'),
(341, 'Sancu Udin Idin', '/assets/image/thumbnail/udin-idin-thumb.jpeg', 'Best Seller', 1, '', '2022-01-28 06:40:49', '2022-01-28 06:40:49'),
(351, 'Sancu Little Bus Tayo', '/assets/image/thumbnail/little-bus-thumb.jpeg', NULL, 1, '', '2022-01-28 06:40:49', '2022-01-28 06:40:49');

-- --------------------------------------------------------

--
-- Struktur dari tabel `produk_details`
--

CREATE TABLE `produk_details` (
  `id` bigint(20) UNSIGNED NOT NULL,
  `id_produk` int(11) NOT NULL,
  `size` int(11) NOT NULL,
  `jumlah_stok` int(11) NOT NULL,
  `harga_produk` int(11) NOT NULL,
  `berat` int(11) NOT NULL,
  `created_at` timestamp NULL DEFAULT current_timestamp(),
  `updated_at` timestamp NULL DEFAULT NULL
) ENGINE=InnoDB DEFAULT CHARSET=utf8mb4 COLLATE=utf8mb4_unicode_ci;

--
-- Dumping data untuk tabel `produk_details`
--

INSERT INTO `produk_details` (`id`, `id_produk`, `size`, `jumlah_stok`, `harga_produk`, `berat`, `created_at`, `updated_at`) VALUES
(1, 1, 21, 50, 16000, 300, '0000-00-00 00:00:00', '0000-00-00 00:00:00'),
(2, 1, 24, 50, 16000, 300, '0000-00-00 00:00:00', '0000-00-00 00:00:00'),
(3, 1, 28, 50, 17000, 300, '0000-00-00 00:00:00', '0000-00-00 00:00:00'),
(4, 1, 30, 50, 17000, 300, '0000-00-00 00:00:00', '0000-00-00 00:00:00'),
(5, 1, 32, 50, 17000, 300, '0000-00-00 00:00:00', '0000-00-00 00:00:00'),
(6, 1, 34, 50, 18500, 300, '0000-00-00 00:00:00', '0000-00-00 00:00:00'),
(7, 1, 36, 50, 18500, 300, '0000-00-00 00:00:00', '0000-00-00 00:00:00'),
(8, 1, 38, 50, 20000, 300, '0000-00-00 00:00:00', '0000-00-00 00:00:00'),
(9, 1, 40, 50, 20000, 300, '0000-00-00 00:00:00', '0000-00-00 00:00:00'),
(10, 1, 42, 50, 20000, 300, '0000-00-00 00:00:00', '0000-00-00 00:00:00'),
(11, 11, 21, 50, 16000, 300, '0000-00-00 00:00:00', '0000-00-00 00:00:00'),
(12, 11, 24, 50, 16000, 300, '0000-00-00 00:00:00', '0000-00-00 00:00:00'),
(13, 11, 28, 50, 17000, 300, '0000-00-00 00:00:00', '0000-00-00 00:00:00'),
(14, 11, 30, 50, 17000, 300, '0000-00-00 00:00:00', '0000-00-00 00:00:00'),
(15, 11, 32, 50, 17000, 300, '0000-00-00 00:00:00', '0000-00-00 00:00:00'),
(16, 11, 34, 50, 18500, 300, '0000-00-00 00:00:00', '0000-00-00 00:00:00'),
(17, 11, 36, 50, 18500, 300, '0000-00-00 00:00:00', '0000-00-00 00:00:00'),
(18, 11, 38, 50, 20000, 300, '0000-00-00 00:00:00', '0000-00-00 00:00:00'),
(19, 11, 40, 50, 20000, 300, '0000-00-00 00:00:00', '0000-00-00 00:00:00'),
(20, 11, 42, 50, 20000, 300, '0000-00-00 00:00:00', '0000-00-00 00:00:00'),
(21, 21, 21, 50, 16000, 300, '0000-00-00 00:00:00', '0000-00-00 00:00:00'),
(22, 21, 24, 50, 16000, 300, '0000-00-00 00:00:00', '0000-00-00 00:00:00'),
(23, 21, 28, 50, 17000, 300, '0000-00-00 00:00:00', '0000-00-00 00:00:00'),
(24, 21, 30, 50, 17000, 300, '0000-00-00 00:00:00', '0000-00-00 00:00:00'),
(25, 21, 32, 50, 17000, 300, '0000-00-00 00:00:00', '0000-00-00 00:00:00'),
(26, 21, 34, 50, 18500, 300, '0000-00-00 00:00:00', '0000-00-00 00:00:00'),
(27, 21, 36, 50, 18500, 300, '0000-00-00 00:00:00', '0000-00-00 00:00:00'),
(28, 21, 38, 50, 20000, 300, '0000-00-00 00:00:00', '0000-00-00 00:00:00'),
(29, 21, 40, 50, 20000, 300, '0000-00-00 00:00:00', '0000-00-00 00:00:00'),
(30, 21, 42, 50, 20000, 300, '0000-00-00 00:00:00', '0000-00-00 00:00:00'),
(31, 31, 21, 50, 16000, 300, '0000-00-00 00:00:00', '0000-00-00 00:00:00'),
(32, 31, 24, 50, 16000, 300, '0000-00-00 00:00:00', '0000-00-00 00:00:00'),
(33, 31, 28, 50, 17000, 300, '0000-00-00 00:00:00', '0000-00-00 00:00:00'),
(34, 31, 30, 38, 17000, 300, '0000-00-00 00:00:00', '0000-00-00 00:00:00'),
(35, 31, 32, 50, 17000, 300, '0000-00-00 00:00:00', '0000-00-00 00:00:00'),
(36, 31, 34, 50, 18500, 300, '0000-00-00 00:00:00', '0000-00-00 00:00:00'),
(37, 31, 36, 50, 18500, 300, '0000-00-00 00:00:00', '0000-00-00 00:00:00'),
(38, 31, 38, 50, 20000, 300, '0000-00-00 00:00:00', '0000-00-00 00:00:00'),
(39, 31, 40, 50, 20000, 300, '0000-00-00 00:00:00', '0000-00-00 00:00:00'),
(40, 31, 42, 50, 20000, 300, '0000-00-00 00:00:00', '0000-00-00 00:00:00'),
(41, 41, 21, 50, 16000, 300, '0000-00-00 00:00:00', '0000-00-00 00:00:00'),
(42, 41, 24, 44, 16000, 300, '0000-00-00 00:00:00', '0000-00-00 00:00:00'),
(43, 41, 28, 50, 17000, 300, '0000-00-00 00:00:00', '0000-00-00 00:00:00'),
(44, 41, 30, 50, 17000, 300, '0000-00-00 00:00:00', '0000-00-00 00:00:00'),
(45, 41, 32, 44, 17000, 300, '0000-00-00 00:00:00', '0000-00-00 00:00:00'),
(46, 41, 34, 50, 18500, 300, '0000-00-00 00:00:00', '0000-00-00 00:00:00'),
(47, 41, 36, 50, 18500, 300, '0000-00-00 00:00:00', '0000-00-00 00:00:00'),
(48, 41, 38, 50, 20000, 300, '0000-00-00 00:00:00', '0000-00-00 00:00:00'),
(49, 41, 40, 50, 20000, 300, '0000-00-00 00:00:00', '0000-00-00 00:00:00'),
(50, 41, 42, 50, 20000, 300, '0000-00-00 00:00:00', '0000-00-00 00:00:00'),
(51, 51, 21, 50, 16000, 300, '0000-00-00 00:00:00', '0000-00-00 00:00:00'),
(52, 51, 24, 50, 16000, 300, '0000-00-00 00:00:00', '0000-00-00 00:00:00'),
(53, 51, 28, 50, 17000, 300, '0000-00-00 00:00:00', '0000-00-00 00:00:00'),
(54, 51, 30, 50, 17000, 300, '0000-00-00 00:00:00', '0000-00-00 00:00:00'),
(55, 51, 32, 50, 17000, 300, '0000-00-00 00:00:00', '0000-00-00 00:00:00'),
(56, 51, 34, 50, 18500, 300, '0000-00-00 00:00:00', '0000-00-00 00:00:00'),
(57, 51, 36, 50, 18500, 300, '0000-00-00 00:00:00', '0000-00-00 00:00:00'),
(58, 51, 38, 50, 20000, 300, '0000-00-00 00:00:00', '0000-00-00 00:00:00'),
(59, 51, 40, 50, 20000, 300, '0000-00-00 00:00:00', '0000-00-00 00:00:00'),
(60, 51, 42, 50, 20000, 300, '0000-00-00 00:00:00', '0000-00-00 00:00:00'),
(61, 61, 21, 50, 16000, 300, '0000-00-00 00:00:00', '0000-00-00 00:00:00'),
(62, 61, 24, 50, 16000, 300, '0000-00-00 00:00:00', '0000-00-00 00:00:00'),
(63, 61, 28, 50, 17000, 300, '0000-00-00 00:00:00', '0000-00-00 00:00:00'),
(64, 61, 30, 50, 17000, 300, '0000-00-00 00:00:00', '0000-00-00 00:00:00'),
(65, 61, 32, 50, 17000, 300, '0000-00-00 00:00:00', '0000-00-00 00:00:00'),
(66, 61, 34, 50, 18500, 300, '0000-00-00 00:00:00', '0000-00-00 00:00:00'),
(67, 61, 36, 50, 18500, 300, '0000-00-00 00:00:00', '0000-00-00 00:00:00'),
(68, 61, 38, 50, 20000, 300, '0000-00-00 00:00:00', '0000-00-00 00:00:00'),
(69, 61, 40, 50, 20000, 300, '0000-00-00 00:00:00', '0000-00-00 00:00:00'),
(70, 61, 42, 50, 20000, 300, '0000-00-00 00:00:00', '0000-00-00 00:00:00'),
(71, 71, 21, 50, 16000, 300, '0000-00-00 00:00:00', '0000-00-00 00:00:00'),
(72, 71, 24, 50, 16000, 300, '0000-00-00 00:00:00', '0000-00-00 00:00:00'),
(73, 71, 28, 50, 17000, 300, '0000-00-00 00:00:00', '0000-00-00 00:00:00'),
(74, 71, 30, 50, 17000, 300, '0000-00-00 00:00:00', '0000-00-00 00:00:00'),
(75, 71, 32, 50, 17000, 300, '0000-00-00 00:00:00', '0000-00-00 00:00:00'),
(76, 71, 34, 50, 18500, 300, '0000-00-00 00:00:00', '0000-00-00 00:00:00'),
(77, 71, 36, 50, 18500, 300, '0000-00-00 00:00:00', '0000-00-00 00:00:00'),
(78, 71, 38, 50, 20000, 300, '0000-00-00 00:00:00', '0000-00-00 00:00:00'),
(79, 71, 40, 50, 20000, 300, '0000-00-00 00:00:00', '0000-00-00 00:00:00'),
(80, 71, 42, 50, 20000, 300, '0000-00-00 00:00:00', '0000-00-00 00:00:00'),
(81, 81, 21, 50, 16000, 300, '0000-00-00 00:00:00', '0000-00-00 00:00:00'),
(82, 81, 24, 50, 16000, 300, '0000-00-00 00:00:00', '0000-00-00 00:00:00'),
(83, 81, 28, 50, 17000, 300, '0000-00-00 00:00:00', '0000-00-00 00:00:00'),
(84, 81, 30, 50, 17000, 300, '0000-00-00 00:00:00', '0000-00-00 00:00:00'),
(85, 81, 32, 50, 17000, 300, '0000-00-00 00:00:00', '0000-00-00 00:00:00'),
(86, 81, 34, 50, 18500, 300, '0000-00-00 00:00:00', '0000-00-00 00:00:00'),
(87, 81, 36, 50, 18500, 300, '0000-00-00 00:00:00', '0000-00-00 00:00:00'),
(88, 81, 38, 50, 20000, 300, '0000-00-00 00:00:00', '0000-00-00 00:00:00'),
(89, 81, 40, 50, 20000, 300, '0000-00-00 00:00:00', '0000-00-00 00:00:00'),
(90, 81, 42, 50, 20000, 300, '0000-00-00 00:00:00', '0000-00-00 00:00:00'),
(101, 101, 21, 50, 16000, 300, '0000-00-00 00:00:00', '0000-00-00 00:00:00'),
(102, 101, 24, 50, 16000, 300, '0000-00-00 00:00:00', '0000-00-00 00:00:00'),
(103, 101, 28, 50, 17000, 300, '0000-00-00 00:00:00', '0000-00-00 00:00:00'),
(104, 101, 30, 50, 17000, 300, '0000-00-00 00:00:00', '0000-00-00 00:00:00'),
(105, 101, 32, 50, 17000, 300, '0000-00-00 00:00:00', '0000-00-00 00:00:00'),
(106, 101, 34, 50, 18500, 300, '0000-00-00 00:00:00', '0000-00-00 00:00:00'),
(107, 101, 36, 50, 18500, 300, '0000-00-00 00:00:00', '0000-00-00 00:00:00'),
(108, 101, 38, 50, 20000, 300, '0000-00-00 00:00:00', '0000-00-00 00:00:00'),
(109, 101, 40, 50, 20000, 300, '0000-00-00 00:00:00', '0000-00-00 00:00:00'),
(110, 101, 42, 50, 20000, 300, '0000-00-00 00:00:00', '0000-00-00 00:00:00'),
(111, 111, 21, 50, 16000, 300, '0000-00-00 00:00:00', '0000-00-00 00:00:00'),
(112, 111, 24, 50, 16000, 300, '0000-00-00 00:00:00', '0000-00-00 00:00:00'),
(113, 111, 28, 50, 17000, 300, '0000-00-00 00:00:00', '0000-00-00 00:00:00'),
(114, 111, 30, 50, 17000, 300, '0000-00-00 00:00:00', '0000-00-00 00:00:00'),
(115, 111, 32, 50, 17000, 300, '0000-00-00 00:00:00', '0000-00-00 00:00:00'),
(116, 111, 34, 50, 18500, 300, '0000-00-00 00:00:00', '0000-00-00 00:00:00'),
(117, 111, 36, 50, 18500, 300, '0000-00-00 00:00:00', '0000-00-00 00:00:00'),
(118, 111, 38, 50, 20000, 300, '0000-00-00 00:00:00', '0000-00-00 00:00:00'),
(119, 111, 40, 50, 20000, 300, '0000-00-00 00:00:00', '0000-00-00 00:00:00'),
(120, 111, 42, 50, 20000, 300, '0000-00-00 00:00:00', '0000-00-00 00:00:00'),
(121, 121, 21, 50, 16000, 300, '0000-00-00 00:00:00', '0000-00-00 00:00:00'),
(122, 121, 24, 50, 16000, 300, '0000-00-00 00:00:00', '0000-00-00 00:00:00'),
(123, 121, 28, 50, 17000, 300, '0000-00-00 00:00:00', '0000-00-00 00:00:00'),
(124, 121, 30, 50, 17000, 300, '0000-00-00 00:00:00', '0000-00-00 00:00:00'),
(125, 121, 32, 50, 17000, 300, '0000-00-00 00:00:00', '0000-00-00 00:00:00'),
(126, 121, 34, 50, 18500, 300, '0000-00-00 00:00:00', '0000-00-00 00:00:00'),
(127, 121, 36, 44, 18500, 300, '0000-00-00 00:00:00', '0000-00-00 00:00:00'),
(128, 121, 38, 43, 20000, 300, '0000-00-00 00:00:00', '0000-00-00 00:00:00'),
(129, 121, 40, 50, 20000, 300, '0000-00-00 00:00:00', '0000-00-00 00:00:00'),
(130, 121, 42, 50, 20000, 300, '0000-00-00 00:00:00', '0000-00-00 00:00:00'),
(131, 131, 21, 50, 16000, 300, '0000-00-00 00:00:00', '0000-00-00 00:00:00'),
(132, 131, 24, 50, 16000, 300, '0000-00-00 00:00:00', '0000-00-00 00:00:00'),
(133, 131, 28, 50, 17000, 300, '0000-00-00 00:00:00', '0000-00-00 00:00:00'),
(134, 131, 30, 50, 17000, 300, '0000-00-00 00:00:00', '0000-00-00 00:00:00'),
(135, 131, 32, 50, 17000, 300, '0000-00-00 00:00:00', '0000-00-00 00:00:00'),
(136, 131, 34, 50, 18500, 300, '0000-00-00 00:00:00', '0000-00-00 00:00:00'),
(137, 131, 36, 50, 18500, 300, '0000-00-00 00:00:00', '0000-00-00 00:00:00'),
(138, 131, 38, 50, 20000, 300, '0000-00-00 00:00:00', '0000-00-00 00:00:00'),
(139, 131, 40, 50, 20000, 300, '0000-00-00 00:00:00', '0000-00-00 00:00:00'),
(140, 131, 42, 50, 20000, 300, '0000-00-00 00:00:00', '0000-00-00 00:00:00'),
(141, 141, 21, 50, 16000, 300, '0000-00-00 00:00:00', '0000-00-00 00:00:00'),
(142, 141, 24, 50, 16000, 300, '0000-00-00 00:00:00', '0000-00-00 00:00:00'),
(143, 141, 28, 50, 17000, 300, '0000-00-00 00:00:00', '0000-00-00 00:00:00'),
(144, 141, 30, 50, 17000, 300, '0000-00-00 00:00:00', '0000-00-00 00:00:00'),
(145, 141, 32, 50, 17000, 300, '0000-00-00 00:00:00', '0000-00-00 00:00:00'),
(146, 141, 34, 50, 18500, 300, '0000-00-00 00:00:00', '0000-00-00 00:00:00'),
(147, 141, 36, 50, 18500, 300, '0000-00-00 00:00:00', '0000-00-00 00:00:00'),
(148, 141, 38, 50, 20000, 300, '0000-00-00 00:00:00', '0000-00-00 00:00:00'),
(149, 141, 40, 50, 20000, 300, '0000-00-00 00:00:00', '0000-00-00 00:00:00'),
(150, 141, 42, 50, 20000, 300, '0000-00-00 00:00:00', '0000-00-00 00:00:00'),
(151, 151, 21, 50, 16000, 300, '0000-00-00 00:00:00', '0000-00-00 00:00:00'),
(152, 151, 24, 50, 16000, 300, '0000-00-00 00:00:00', '0000-00-00 00:00:00'),
(153, 151, 28, 50, 17000, 300, '0000-00-00 00:00:00', '0000-00-00 00:00:00'),
(154, 151, 30, 50, 17000, 300, '0000-00-00 00:00:00', '0000-00-00 00:00:00'),
(155, 151, 32, 50, 17000, 300, '0000-00-00 00:00:00', '0000-00-00 00:00:00'),
(156, 151, 34, 50, 18500, 300, '0000-00-00 00:00:00', '0000-00-00 00:00:00'),
(157, 151, 36, 50, 18500, 300, '0000-00-00 00:00:00', '0000-00-00 00:00:00'),
(158, 151, 38, 50, 20000, 300, '0000-00-00 00:00:00', '0000-00-00 00:00:00'),
(159, 151, 40, 50, 20000, 300, '0000-00-00 00:00:00', '0000-00-00 00:00:00'),
(160, 151, 42, 50, 20000, 300, '0000-00-00 00:00:00', '0000-00-00 00:00:00'),
(161, 161, 21, 50, 16000, 300, '0000-00-00 00:00:00', '0000-00-00 00:00:00'),
(162, 161, 24, 50, 16000, 300, '0000-00-00 00:00:00', '0000-00-00 00:00:00'),
(163, 161, 28, 50, 17000, 300, '0000-00-00 00:00:00', '0000-00-00 00:00:00'),
(164, 161, 30, 50, 17000, 300, '0000-00-00 00:00:00', '0000-00-00 00:00:00'),
(165, 161, 32, 50, 17000, 300, '0000-00-00 00:00:00', '0000-00-00 00:00:00'),
(166, 161, 34, 50, 18500, 300, '0000-00-00 00:00:00', '0000-00-00 00:00:00'),
(167, 161, 36, 50, 18500, 300, '0000-00-00 00:00:00', '0000-00-00 00:00:00'),
(168, 161, 38, 50, 20000, 300, '0000-00-00 00:00:00', '0000-00-00 00:00:00'),
(169, 161, 40, 50, 20000, 300, '0000-00-00 00:00:00', '0000-00-00 00:00:00'),
(170, 161, 42, 50, 20000, 300, '0000-00-00 00:00:00', '0000-00-00 00:00:00'),
(171, 171, 21, 50, 16000, 300, '0000-00-00 00:00:00', '0000-00-00 00:00:00'),
(172, 171, 24, 46, 16000, 300, '0000-00-00 00:00:00', '0000-00-00 00:00:00'),
(173, 171, 28, 28, 17000, 300, '0000-00-00 00:00:00', '0000-00-00 00:00:00'),
(174, 171, 30, 45, 17000, 300, '0000-00-00 00:00:00', '0000-00-00 00:00:00'),
(175, 171, 32, 50, 17000, 300, '0000-00-00 00:00:00', '0000-00-00 00:00:00'),
(176, 171, 34, 50, 18500, 300, '0000-00-00 00:00:00', '0000-00-00 00:00:00'),
(177, 171, 36, 44, 18500, 300, '0000-00-00 00:00:00', '0000-00-00 00:00:00'),
(178, 171, 38, 50, 20000, 300, '0000-00-00 00:00:00', '0000-00-00 00:00:00'),
(179, 171, 40, 50, 20000, 300, '0000-00-00 00:00:00', '0000-00-00 00:00:00'),
(180, 171, 42, 50, 20000, 300, '0000-00-00 00:00:00', '0000-00-00 00:00:00'),
(181, 181, 21, 50, 16000, 300, '0000-00-00 00:00:00', '0000-00-00 00:00:00'),
(182, 181, 24, 50, 16000, 300, '0000-00-00 00:00:00', '0000-00-00 00:00:00'),
(183, 181, 28, 50, 17000, 300, '0000-00-00 00:00:00', '0000-00-00 00:00:00'),
(184, 181, 30, 50, 17000, 300, '0000-00-00 00:00:00', '0000-00-00 00:00:00'),
(185, 181, 32, 50, 17000, 300, '0000-00-00 00:00:00', '0000-00-00 00:00:00'),
(186, 181, 34, 50, 18500, 300, '0000-00-00 00:00:00', '0000-00-00 00:00:00'),
(187, 181, 36, 50, 18500, 300, '0000-00-00 00:00:00', '0000-00-00 00:00:00'),
(188, 181, 38, 50, 20000, 300, '0000-00-00 00:00:00', '0000-00-00 00:00:00'),
(189, 181, 40, 50, 20000, 300, '0000-00-00 00:00:00', '0000-00-00 00:00:00'),
(190, 181, 42, 50, 20000, 300, '0000-00-00 00:00:00', '0000-00-00 00:00:00'),
(191, 191, 21, 50, 16000, 300, '0000-00-00 00:00:00', '0000-00-00 00:00:00'),
(192, 191, 24, 50, 16000, 300, '0000-00-00 00:00:00', '0000-00-00 00:00:00'),
(193, 191, 28, 50, 17000, 300, '0000-00-00 00:00:00', '0000-00-00 00:00:00'),
(194, 191, 30, 50, 17000, 300, '0000-00-00 00:00:00', '0000-00-00 00:00:00'),
(195, 191, 32, 50, 17000, 300, '0000-00-00 00:00:00', '0000-00-00 00:00:00'),
(196, 191, 34, 50, 18500, 300, '0000-00-00 00:00:00', '0000-00-00 00:00:00'),
(197, 191, 36, 50, 18500, 300, '0000-00-00 00:00:00', '0000-00-00 00:00:00'),
(198, 191, 38, 50, 20000, 300, '0000-00-00 00:00:00', '0000-00-00 00:00:00'),
(199, 191, 40, 50, 20000, 300, '0000-00-00 00:00:00', '0000-00-00 00:00:00'),
(200, 191, 42, 50, 20000, 300, '0000-00-00 00:00:00', '0000-00-00 00:00:00'),
(201, 201, 21, 50, 16000, 300, '0000-00-00 00:00:00', '0000-00-00 00:00:00'),
(202, 201, 24, 45, 16000, 300, '0000-00-00 00:00:00', '0000-00-00 00:00:00'),
(203, 201, 28, 40, 17000, 300, '0000-00-00 00:00:00', '0000-00-00 00:00:00'),
(204, 201, 30, 38, 17000, 300, '0000-00-00 00:00:00', '0000-00-00 00:00:00'),
(205, 201, 32, 50, 17000, 300, '0000-00-00 00:00:00', '0000-00-00 00:00:00'),
(206, 201, 34, 50, 18500, 300, '0000-00-00 00:00:00', '0000-00-00 00:00:00'),
(207, 201, 36, 50, 18500, 300, '0000-00-00 00:00:00', '0000-00-00 00:00:00'),
(208, 201, 38, 50, 20000, 300, '0000-00-00 00:00:00', '0000-00-00 00:00:00'),
(209, 201, 40, 50, 20000, 300, '0000-00-00 00:00:00', '0000-00-00 00:00:00'),
(210, 201, 42, 50, 20000, 300, '0000-00-00 00:00:00', '0000-00-00 00:00:00'),
(211, 211, 21, 50, 16000, 300, '0000-00-00 00:00:00', '0000-00-00 00:00:00'),
(212, 211, 24, 50, 16000, 300, '0000-00-00 00:00:00', '0000-00-00 00:00:00'),
(213, 211, 28, 50, 17000, 300, '0000-00-00 00:00:00', '0000-00-00 00:00:00'),
(214, 211, 30, 50, 17000, 300, '0000-00-00 00:00:00', '0000-00-00 00:00:00'),
(215, 211, 32, 50, 17000, 300, '0000-00-00 00:00:00', '0000-00-00 00:00:00'),
(216, 211, 34, 50, 18500, 300, '0000-00-00 00:00:00', '0000-00-00 00:00:00'),
(217, 211, 36, 50, 18500, 300, '0000-00-00 00:00:00', '0000-00-00 00:00:00'),
(218, 211, 38, 50, 20000, 300, '0000-00-00 00:00:00', '0000-00-00 00:00:00'),
(219, 211, 40, 50, 20000, 300, '0000-00-00 00:00:00', '0000-00-00 00:00:00'),
(220, 211, 42, 50, 20000, 300, '0000-00-00 00:00:00', '0000-00-00 00:00:00'),
(221, 221, 21, 50, 16000, 300, '0000-00-00 00:00:00', '0000-00-00 00:00:00'),
(222, 221, 24, 50, 16000, 300, '0000-00-00 00:00:00', '0000-00-00 00:00:00'),
(223, 221, 28, 50, 17000, 300, '0000-00-00 00:00:00', '0000-00-00 00:00:00'),
(224, 221, 30, 50, 17000, 300, '0000-00-00 00:00:00', '0000-00-00 00:00:00'),
(225, 221, 32, 50, 17000, 300, '0000-00-00 00:00:00', '0000-00-00 00:00:00'),
(226, 221, 34, 50, 18500, 300, '0000-00-00 00:00:00', '0000-00-00 00:00:00'),
(227, 221, 36, 50, 18500, 300, '0000-00-00 00:00:00', '0000-00-00 00:00:00'),
(228, 221, 38, 50, 20000, 300, '0000-00-00 00:00:00', '0000-00-00 00:00:00'),
(229, 221, 40, 50, 20000, 300, '0000-00-00 00:00:00', '0000-00-00 00:00:00'),
(230, 221, 42, 50, 20000, 300, '0000-00-00 00:00:00', '0000-00-00 00:00:00'),
(231, 231, 21, 50, 16000, 300, '0000-00-00 00:00:00', '0000-00-00 00:00:00'),
(232, 231, 24, 50, 16000, 300, '0000-00-00 00:00:00', '0000-00-00 00:00:00'),
(233, 231, 28, 50, 17000, 300, '0000-00-00 00:00:00', '0000-00-00 00:00:00'),
(234, 231, 30, 50, 17000, 300, '0000-00-00 00:00:00', '0000-00-00 00:00:00'),
(235, 231, 32, 50, 17000, 300, '0000-00-00 00:00:00', '0000-00-00 00:00:00'),
(236, 231, 34, 50, 18500, 300, '0000-00-00 00:00:00', '0000-00-00 00:00:00'),
(237, 231, 36, 50, 18500, 300, '0000-00-00 00:00:00', '0000-00-00 00:00:00'),
(238, 231, 38, 50, 20000, 300, '0000-00-00 00:00:00', '0000-00-00 00:00:00'),
(239, 231, 40, 50, 20000, 300, '0000-00-00 00:00:00', '0000-00-00 00:00:00'),
(240, 231, 42, 50, 20000, 300, '0000-00-00 00:00:00', '0000-00-00 00:00:00'),
(241, 241, 21, 50, 16000, 300, '0000-00-00 00:00:00', '0000-00-00 00:00:00'),
(242, 241, 24, 50, 16000, 300, '0000-00-00 00:00:00', '0000-00-00 00:00:00'),
(243, 241, 28, 50, 17000, 300, '0000-00-00 00:00:00', '0000-00-00 00:00:00'),
(244, 241, 30, 50, 17000, 300, '0000-00-00 00:00:00', '0000-00-00 00:00:00'),
(245, 241, 32, 50, 17000, 300, '0000-00-00 00:00:00', '0000-00-00 00:00:00'),
(246, 241, 34, 50, 18500, 300, '0000-00-00 00:00:00', '0000-00-00 00:00:00'),
(247, 241, 36, 50, 18500, 300, '0000-00-00 00:00:00', '0000-00-00 00:00:00'),
(248, 241, 38, 50, 20000, 300, '0000-00-00 00:00:00', '0000-00-00 00:00:00'),
(249, 241, 40, 50, 20000, 300, '0000-00-00 00:00:00', '0000-00-00 00:00:00'),
(250, 241, 42, 50, 20000, 300, '0000-00-00 00:00:00', '0000-00-00 00:00:00'),
(251, 251, 21, 50, 16000, 300, '0000-00-00 00:00:00', '0000-00-00 00:00:00'),
(252, 251, 24, 50, 16000, 300, '0000-00-00 00:00:00', '0000-00-00 00:00:00'),
(253, 251, 28, 50, 17000, 300, '0000-00-00 00:00:00', '0000-00-00 00:00:00'),
(254, 251, 30, 50, 17000, 300, '0000-00-00 00:00:00', '0000-00-00 00:00:00'),
(255, 251, 32, 50, 17000, 300, '0000-00-00 00:00:00', '0000-00-00 00:00:00'),
(256, 251, 34, 50, 18500, 300, '0000-00-00 00:00:00', '0000-00-00 00:00:00'),
(257, 251, 36, 50, 18500, 300, '0000-00-00 00:00:00', '0000-00-00 00:00:00'),
(258, 251, 38, 50, 20000, 300, '0000-00-00 00:00:00', '0000-00-00 00:00:00'),
(259, 251, 40, 50, 20000, 300, '0000-00-00 00:00:00', '0000-00-00 00:00:00'),
(260, 251, 42, 50, 20000, 300, '0000-00-00 00:00:00', '0000-00-00 00:00:00'),
(261, 261, 21, 50, 16000, 300, '0000-00-00 00:00:00', '0000-00-00 00:00:00'),
(262, 261, 24, 50, 16000, 300, '0000-00-00 00:00:00', '0000-00-00 00:00:00'),
(263, 261, 28, 50, 17000, 300, '0000-00-00 00:00:00', '0000-00-00 00:00:00'),
(264, 261, 30, 50, 17000, 300, '0000-00-00 00:00:00', '0000-00-00 00:00:00'),
(265, 261, 32, 50, 17000, 300, '0000-00-00 00:00:00', '0000-00-00 00:00:00'),
(266, 261, 34, 50, 18500, 300, '0000-00-00 00:00:00', '0000-00-00 00:00:00'),
(267, 261, 36, 50, 18500, 300, '0000-00-00 00:00:00', '0000-00-00 00:00:00'),
(268, 261, 38, 50, 20000, 300, '0000-00-00 00:00:00', '0000-00-00 00:00:00'),
(269, 261, 40, 50, 20000, 300, '0000-00-00 00:00:00', '0000-00-00 00:00:00'),
(270, 261, 42, 50, 20000, 300, '0000-00-00 00:00:00', '0000-00-00 00:00:00'),
(271, 271, 21, 50, 16000, 300, '0000-00-00 00:00:00', '0000-00-00 00:00:00'),
(272, 271, 24, 50, 16000, 300, '0000-00-00 00:00:00', '0000-00-00 00:00:00'),
(273, 271, 28, 50, 17000, 300, '0000-00-00 00:00:00', '0000-00-00 00:00:00'),
(274, 271, 30, 50, 17000, 300, '0000-00-00 00:00:00', '0000-00-00 00:00:00'),
(275, 271, 32, 50, 17000, 300, '0000-00-00 00:00:00', '0000-00-00 00:00:00'),
(276, 271, 34, 50, 18500, 300, '0000-00-00 00:00:00', '0000-00-00 00:00:00'),
(277, 271, 36, 50, 18500, 300, '0000-00-00 00:00:00', '0000-00-00 00:00:00'),
(278, 271, 38, 50, 20000, 300, '0000-00-00 00:00:00', '0000-00-00 00:00:00'),
(279, 271, 40, 50, 20000, 300, '0000-00-00 00:00:00', '0000-00-00 00:00:00'),
(280, 271, 42, 50, 20000, 300, '0000-00-00 00:00:00', '0000-00-00 00:00:00'),
(281, 281, 21, 50, 16000, 300, '0000-00-00 00:00:00', '0000-00-00 00:00:00'),
(282, 281, 24, 50, 16000, 300, '0000-00-00 00:00:00', '0000-00-00 00:00:00'),
(283, 281, 28, 50, 17000, 300, '0000-00-00 00:00:00', '0000-00-00 00:00:00'),
(284, 281, 30, 50, 17000, 300, '0000-00-00 00:00:00', '0000-00-00 00:00:00'),
(285, 281, 32, 50, 17000, 300, '0000-00-00 00:00:00', '0000-00-00 00:00:00'),
(286, 281, 34, 50, 18500, 300, '0000-00-00 00:00:00', '0000-00-00 00:00:00'),
(287, 281, 36, 50, 18500, 300, '0000-00-00 00:00:00', '0000-00-00 00:00:00'),
(288, 281, 38, 50, 20000, 300, '0000-00-00 00:00:00', '0000-00-00 00:00:00'),
(289, 281, 40, 50, 20000, 300, '0000-00-00 00:00:00', '0000-00-00 00:00:00'),
(290, 281, 42, 50, 20000, 300, '0000-00-00 00:00:00', '0000-00-00 00:00:00'),
(291, 291, 21, 50, 16000, 300, '0000-00-00 00:00:00', '0000-00-00 00:00:00'),
(292, 291, 24, 50, 16000, 300, '0000-00-00 00:00:00', '0000-00-00 00:00:00'),
(293, 291, 28, 50, 17000, 300, '0000-00-00 00:00:00', '0000-00-00 00:00:00'),
(294, 291, 30, 50, 17000, 300, '0000-00-00 00:00:00', '0000-00-00 00:00:00'),
(295, 291, 32, 50, 17000, 300, '0000-00-00 00:00:00', '0000-00-00 00:00:00'),
(296, 291, 34, 50, 18500, 300, '0000-00-00 00:00:00', '0000-00-00 00:00:00'),
(297, 291, 36, 50, 18500, 300, '0000-00-00 00:00:00', '0000-00-00 00:00:00'),
(298, 291, 38, 50, 20000, 300, '0000-00-00 00:00:00', '0000-00-00 00:00:00'),
(299, 291, 40, 50, 20000, 300, '0000-00-00 00:00:00', '0000-00-00 00:00:00'),
(300, 291, 42, 50, 20000, 300, '0000-00-00 00:00:00', '0000-00-00 00:00:00'),
(301, 301, 21, 50, 16000, 300, '0000-00-00 00:00:00', '0000-00-00 00:00:00'),
(302, 301, 24, 50, 16000, 300, '0000-00-00 00:00:00', '0000-00-00 00:00:00'),
(303, 301, 28, 50, 17000, 300, '0000-00-00 00:00:00', '0000-00-00 00:00:00'),
(304, 301, 30, 50, 17000, 300, '0000-00-00 00:00:00', '0000-00-00 00:00:00'),
(305, 301, 32, 50, 17000, 300, '0000-00-00 00:00:00', '0000-00-00 00:00:00'),
(306, 301, 34, 50, 18500, 300, '0000-00-00 00:00:00', '0000-00-00 00:00:00'),
(307, 301, 36, 50, 18500, 300, '0000-00-00 00:00:00', '0000-00-00 00:00:00'),
(308, 301, 38, 50, 20000, 300, '0000-00-00 00:00:00', '0000-00-00 00:00:00'),
(309, 301, 40, 50, 20000, 300, '0000-00-00 00:00:00', '0000-00-00 00:00:00'),
(310, 301, 42, 50, 20000, 300, '0000-00-00 00:00:00', '0000-00-00 00:00:00'),
(311, 311, 21, 50, 16000, 300, '0000-00-00 00:00:00', '0000-00-00 00:00:00'),
(312, 311, 24, 50, 16000, 300, '0000-00-00 00:00:00', '0000-00-00 00:00:00'),
(313, 311, 28, 50, 17000, 300, '0000-00-00 00:00:00', '0000-00-00 00:00:00'),
(314, 311, 30, 50, 17000, 300, '0000-00-00 00:00:00', '0000-00-00 00:00:00'),
(315, 311, 32, 50, 17000, 300, '0000-00-00 00:00:00', '0000-00-00 00:00:00'),
(316, 311, 34, 50, 18500, 300, '0000-00-00 00:00:00', '0000-00-00 00:00:00'),
(317, 311, 36, 50, 18500, 300, '0000-00-00 00:00:00', '0000-00-00 00:00:00'),
(318, 311, 38, 50, 20000, 300, '0000-00-00 00:00:00', '0000-00-00 00:00:00'),
(319, 311, 40, 50, 20000, 300, '0000-00-00 00:00:00', '0000-00-00 00:00:00'),
(320, 311, 42, 50, 20000, 300, '0000-00-00 00:00:00', '0000-00-00 00:00:00'),
(321, 321, 21, 50, 16000, 300, '0000-00-00 00:00:00', '0000-00-00 00:00:00'),
(322, 321, 24, 50, 16000, 300, '0000-00-00 00:00:00', '0000-00-00 00:00:00'),
(323, 321, 28, 50, 17000, 300, '0000-00-00 00:00:00', '0000-00-00 00:00:00'),
(324, 321, 30, 50, 17000, 300, '0000-00-00 00:00:00', '0000-00-00 00:00:00'),
(325, 321, 32, 50, 17000, 300, '0000-00-00 00:00:00', '0000-00-00 00:00:00'),
(326, 321, 34, 50, 18500, 300, '0000-00-00 00:00:00', '0000-00-00 00:00:00'),
(327, 321, 36, 50, 18500, 300, '0000-00-00 00:00:00', '0000-00-00 00:00:00'),
(328, 321, 38, 50, 20000, 300, '0000-00-00 00:00:00', '0000-00-00 00:00:00'),
(329, 321, 40, 50, 20000, 300, '0000-00-00 00:00:00', '0000-00-00 00:00:00'),
(330, 321, 42, 50, 20000, 300, '0000-00-00 00:00:00', '0000-00-00 00:00:00'),
(331, 331, 21, 50, 16000, 300, '0000-00-00 00:00:00', '0000-00-00 00:00:00'),
(332, 331, 24, 50, 16000, 300, '0000-00-00 00:00:00', '0000-00-00 00:00:00'),
(333, 331, 28, 50, 17000, 300, '0000-00-00 00:00:00', '0000-00-00 00:00:00'),
(334, 331, 30, 50, 17000, 300, '0000-00-00 00:00:00', '0000-00-00 00:00:00'),
(335, 331, 32, 50, 17000, 300, '0000-00-00 00:00:00', '0000-00-00 00:00:00'),
(336, 331, 34, 50, 18500, 300, '0000-00-00 00:00:00', '0000-00-00 00:00:00'),
(337, 331, 36, 50, 18500, 300, '0000-00-00 00:00:00', '0000-00-00 00:00:00'),
(338, 331, 38, 50, 20000, 300, '0000-00-00 00:00:00', '0000-00-00 00:00:00'),
(339, 331, 40, 50, 20000, 300, '0000-00-00 00:00:00', '0000-00-00 00:00:00'),
(340, 331, 42, 50, 20000, 300, '0000-00-00 00:00:00', '0000-00-00 00:00:00'),
(341, 341, 21, 50, 16000, 300, '0000-00-00 00:00:00', '0000-00-00 00:00:00'),
(342, 341, 24, 50, 16000, 300, '0000-00-00 00:00:00', '0000-00-00 00:00:00'),
(343, 341, 28, 50, 17000, 300, '0000-00-00 00:00:00', '0000-00-00 00:00:00'),
(344, 341, 30, 50, 17000, 300, '0000-00-00 00:00:00', '0000-00-00 00:00:00'),
(345, 341, 32, 50, 17000, 300, '0000-00-00 00:00:00', '0000-00-00 00:00:00'),
(346, 341, 34, 50, 18500, 300, '0000-00-00 00:00:00', '0000-00-00 00:00:00'),
(347, 341, 36, 50, 18500, 300, '0000-00-00 00:00:00', '0000-00-00 00:00:00'),
(348, 341, 38, 50, 20000, 300, '0000-00-00 00:00:00', '0000-00-00 00:00:00'),
(349, 341, 40, 50, 20000, 300, '0000-00-00 00:00:00', '0000-00-00 00:00:00'),
(350, 341, 42, 50, 20000, 300, '0000-00-00 00:00:00', '0000-00-00 00:00:00'),
(351, 351, 21, 50, 16000, 300, '0000-00-00 00:00:00', '0000-00-00 00:00:00'),
(352, 351, 24, 50, 16000, 300, '0000-00-00 00:00:00', '0000-00-00 00:00:00'),
(353, 351, 28, 50, 17000, 300, '0000-00-00 00:00:00', '0000-00-00 00:00:00'),
(354, 351, 30, 50, 17000, 300, '0000-00-00 00:00:00', '0000-00-00 00:00:00'),
(355, 351, 32, 47, 17000, 300, '0000-00-00 00:00:00', '0000-00-00 00:00:00'),
(356, 351, 34, 43, 18500, 300, '0000-00-00 00:00:00', '0000-00-00 00:00:00'),
(357, 351, 36, 39, 18500, 300, '0000-00-00 00:00:00', '0000-00-00 00:00:00'),
(358, 351, 38, 50, 20000, 300, '0000-00-00 00:00:00', '0000-00-00 00:00:00'),
(359, 351, 40, 50, 20000, 300, '0000-00-00 00:00:00', '0000-00-00 00:00:00'),
(360, 351, 42, 50, 20000, 300, '0000-00-00 00:00:00', '0000-00-00 00:00:00');

-- --------------------------------------------------------

--
-- Struktur dari tabel `slide_banners`
--

CREATE TABLE `slide_banners` (
  `id` bigint(20) UNSIGNED NOT NULL,
  `path` text COLLATE utf8mb4_unicode_ci NOT NULL,
  `posisi` int(11) NOT NULL,
  `keterangan` varchar(255) COLLATE utf8mb4_unicode_ci NOT NULL,
  `created_at` timestamp NULL DEFAULT NULL,
  `updated_at` timestamp NULL DEFAULT NULL
) ENGINE=InnoDB DEFAULT CHARSET=utf8mb4 COLLATE=utf8mb4_unicode_ci;

--
-- Dumping data untuk tabel `slide_banners`
--

INSERT INTO `slide_banners` (`id`, `path`, `posisi`, `keterangan`, `created_at`, `updated_at`) VALUES
(1, 'assets/image/banner-sancu.jpg', 1, 'top home slide', '2021-11-24 17:00:00', '2021-11-24 17:00:00'),
(2, 'assets/image/banner-sancu-2.jpg', 1, 'top home slide', '2021-11-24 17:00:00', '2021-11-24 17:00:00'),
(3, 'assets/image/banner-sancu-3.jpg', 1, 'top home banner', '2021-11-24 17:00:00', '2021-11-24 17:00:00');

-- --------------------------------------------------------

--
-- Struktur dari tabel `status_pesanan`
--

CREATE TABLE `status_pesanan` (
  `id` int(11) NOT NULL,
  `keterangan` varchar(100) NOT NULL
) ENGINE=InnoDB DEFAULT CHARSET=utf8mb4;

--
-- Dumping data untuk tabel `status_pesanan`
--

INSERT INTO `status_pesanan` (`id`, `keterangan`) VALUES
(1, 'Menunggu Ongkir'),
(2, 'Telah di Proses'),
(3, 'Konfirmasi Pembayaran'),
(4, 'Dikirim'),
(5, 'Selesai');

-- --------------------------------------------------------

--
-- Struktur dari tabel `stoks`
--

CREATE TABLE `stoks` (
  `id` bigint(20) UNSIGNED NOT NULL,
  `id_produk` int(11) NOT NULL,
  `size` text COLLATE utf8mb4_unicode_ci NOT NULL,
  `jumlah_stok` int(11) NOT NULL,
  `harga_produk` int(11) NOT NULL,
  `created_at` timestamp NULL DEFAULT NULL,
  `updated_at` timestamp NULL DEFAULT NULL
) ENGINE=InnoDB DEFAULT CHARSET=utf8mb4 COLLATE=utf8mb4_unicode_ci;

-- --------------------------------------------------------

--
-- Struktur dari tabel `users`
--

CREATE TABLE `users` (
  `id` bigint(20) UNSIGNED NOT NULL,
  `name` varchar(255) COLLATE utf8mb4_unicode_ci NOT NULL,
  `email` varchar(255) COLLATE utf8mb4_unicode_ci NOT NULL,
  `email_verified_at` timestamp NULL DEFAULT NULL,
  `password` varchar(255) COLLATE utf8mb4_unicode_ci NOT NULL,
  `remember_token` varchar(100) COLLATE utf8mb4_unicode_ci DEFAULT NULL,
  `created_at` timestamp NULL DEFAULT NULL,
  `updated_at` timestamp NULL DEFAULT NULL
) ENGINE=InnoDB DEFAULT CHARSET=utf8mb4 COLLATE=utf8mb4_unicode_ci;

--
-- Dumping data untuk tabel `users`
--

INSERT INTO `users` (`id`, `name`, `email`, `email_verified_at`, `password`, `remember_token`, `created_at`, `updated_at`) VALUES
(1, 'Mal', 'sancuwebmaster@gmail.com', NULL, '$2y$10$biM64gpgFkXnws.gTJfaLOCh9hN.7Fo39i4ibj6F4Q8A4hShoXNtm', '9d5to1BpaUj2hAaNz63mOXHuGgoI33jUi0OVG3c0K8csqSflBD', '2021-11-04 23:37:42', '2021-11-04 23:37:42');

--
-- Indexes for dumped tables
--

--
-- Indeks untuk tabel `alamats`
--
ALTER TABLE `alamats`
  ADD PRIMARY KEY (`id`);

--
-- Indeks untuk tabel `carts`
--
ALTER TABLE `carts`
  ADD PRIMARY KEY (`id`);

--
-- Indeks untuk tabel `categories`
--
ALTER TABLE `categories`
  ADD PRIMARY KEY (`id`);

--
-- Indeks untuk tabel `coupons`
--
ALTER TABLE `coupons`
  ADD PRIMARY KEY (`id`),
  ADD UNIQUE KEY `coupons_name_unique` (`name`);

--
-- Indeks untuk tabel `failed_jobs`
--
ALTER TABLE `failed_jobs`
  ADD PRIMARY KEY (`id`),
  ADD UNIQUE KEY `failed_jobs_uuid_unique` (`uuid`);

--
-- Indeks untuk tabel `migrations`
--
ALTER TABLE `migrations`
  ADD PRIMARY KEY (`id`);

--
-- Indeks untuk tabel `orders`
--
ALTER TABLE `orders`
  ADD PRIMARY KEY (`id`);

--
-- Indeks untuk tabel `order_details`
--
ALTER TABLE `order_details`
  ADD PRIMARY KEY (`id`);

--
-- Indeks untuk tabel `password_resets`
--
ALTER TABLE `password_resets`
  ADD KEY `password_resets_email_index` (`email`);

--
-- Indeks untuk tabel `personal_access_tokens`
--
ALTER TABLE `personal_access_tokens`
  ADD PRIMARY KEY (`id`),
  ADD UNIQUE KEY `personal_access_tokens_token_unique` (`token`),
  ADD KEY `personal_access_tokens_tokenable_type_tokenable_id_index` (`tokenable_type`,`tokenable_id`);

--
-- Indeks untuk tabel `produks`
--
ALTER TABLE `produks`
  ADD PRIMARY KEY (`id`);

--
-- Indeks untuk tabel `produk_details`
--
ALTER TABLE `produk_details`
  ADD PRIMARY KEY (`id`);

--
-- Indeks untuk tabel `slide_banners`
--
ALTER TABLE `slide_banners`
  ADD PRIMARY KEY (`id`);

--
-- Indeks untuk tabel `status_pesanan`
--
ALTER TABLE `status_pesanan`
  ADD PRIMARY KEY (`id`);

--
-- Indeks untuk tabel `stoks`
--
ALTER TABLE `stoks`
  ADD PRIMARY KEY (`id`);

--
-- Indeks untuk tabel `users`
--
ALTER TABLE `users`
  ADD PRIMARY KEY (`id`),
  ADD UNIQUE KEY `users_email_unique` (`email`);

--
-- AUTO_INCREMENT untuk tabel yang dibuang
--

--
-- AUTO_INCREMENT untuk tabel `alamats`
--
ALTER TABLE `alamats`
  MODIFY `id` bigint(20) UNSIGNED NOT NULL AUTO_INCREMENT, AUTO_INCREMENT=6;

--
-- AUTO_INCREMENT untuk tabel `carts`
--
ALTER TABLE `carts`
  MODIFY `id` bigint(20) UNSIGNED NOT NULL AUTO_INCREMENT, AUTO_INCREMENT=134;

--
-- AUTO_INCREMENT untuk tabel `categories`
--
ALTER TABLE `categories`
  MODIFY `id` bigint(20) UNSIGNED NOT NULL AUTO_INCREMENT, AUTO_INCREMENT=5;

--
-- AUTO_INCREMENT untuk tabel `coupons`
--
ALTER TABLE `coupons`
  MODIFY `id` bigint(20) UNSIGNED NOT NULL AUTO_INCREMENT, AUTO_INCREMENT=4;

--
-- AUTO_INCREMENT untuk tabel `failed_jobs`
--
ALTER TABLE `failed_jobs`
  MODIFY `id` bigint(20) UNSIGNED NOT NULL AUTO_INCREMENT;

--
-- AUTO_INCREMENT untuk tabel `migrations`
--
ALTER TABLE `migrations`
  MODIFY `id` int(10) UNSIGNED NOT NULL AUTO_INCREMENT, AUTO_INCREMENT=16;

--
-- AUTO_INCREMENT untuk tabel `orders`
--
ALTER TABLE `orders`
  MODIFY `id` bigint(20) UNSIGNED NOT NULL AUTO_INCREMENT, AUTO_INCREMENT=32;

--
-- AUTO_INCREMENT untuk tabel `order_details`
--
ALTER TABLE `order_details`
  MODIFY `id` bigint(20) UNSIGNED NOT NULL AUTO_INCREMENT, AUTO_INCREMENT=81;

--
-- AUTO_INCREMENT untuk tabel `personal_access_tokens`
--
ALTER TABLE `personal_access_tokens`
  MODIFY `id` bigint(20) UNSIGNED NOT NULL AUTO_INCREMENT;

--
-- AUTO_INCREMENT untuk tabel `produks`
--
ALTER TABLE `produks`
  MODIFY `id` bigint(20) UNSIGNED NOT NULL AUTO_INCREMENT, AUTO_INCREMENT=352;

--
-- AUTO_INCREMENT untuk tabel `produk_details`
--
ALTER TABLE `produk_details`
  MODIFY `id` bigint(20) UNSIGNED NOT NULL AUTO_INCREMENT, AUTO_INCREMENT=361;

--
-- AUTO_INCREMENT untuk tabel `slide_banners`
--
ALTER TABLE `slide_banners`
  MODIFY `id` bigint(20) UNSIGNED NOT NULL AUTO_INCREMENT, AUTO_INCREMENT=4;

--
-- AUTO_INCREMENT untuk tabel `stoks`
--
ALTER TABLE `stoks`
  MODIFY `id` bigint(20) UNSIGNED NOT NULL AUTO_INCREMENT;

--
-- AUTO_INCREMENT untuk tabel `users`
--
ALTER TABLE `users`
  MODIFY `id` bigint(20) UNSIGNED NOT NULL AUTO_INCREMENT, AUTO_INCREMENT=2;
COMMIT;

/*!40101 SET CHARACTER_SET_CLIENT=@OLD_CHARACTER_SET_CLIENT */;
/*!40101 SET CHARACTER_SET_RESULTS=@OLD_CHARACTER_SET_RESULTS */;
/*!40101 SET COLLATION_CONNECTION=@OLD_COLLATION_CONNECTION */;
